Image ID,Category,Analysis Result,Culture
1527,Clothing,"The attire and accessories in the image depict cultural elements associated with Mexican identity. The individual is wearing a sombrero, which is a traditional wide-brimmed hat often decorated with intricate embroidery and designs. Sombreros are a symbol of Mexican culture and have historical roots in the country's rural areas.

The colorful garment draped over the individual’s shoulder appears to be a serape or poncho, which is a traditional Mexican textile known for its vibrant stripes and patterns. These garments are often made of wool or synthetic fibers and are used as shawls, blankets, or outerwear.

Together, the sombrero and serape reflect the rich heritage and customs of Mexican culture, often worn during celebrations, festivals, or as daily attire in certain regions. The backdrop with colorful textiles further emphasizes a connection to traditional Mexican crafts and aesthetics.",Mexican
1297,Greeting,"The image shows two individuals engaged in a greeting involving cheek kissing. This gesture is common in various cultures, such as those in parts of Europe, the Middle East, and Latin America. It typically denotes friendliness, warmth, and familiarity.

The cheek kiss often involves a brief touch with the cheeks while making a kissing sound. The practice can vary in the number of kisses exchanged, depending on cultural norms.

This form of greeting indicates an emphasis on personal connection and close interpersonal relationships. It reflects a culture where physical touch is a common part of social etiquette, highlighting an emphasis on warmth and hospitality in communication styles.",Mediterranean
1554,Beverage,"The image depicts the traditional Chinese tea ceremony using a gaiwan, which involves a small lidded bowl for brewing and drinking tea. This serves as a fundamental part of Chinese culture, reflecting values such as harmony, respect, and tranquility.

**Cultural Importance:**

1. **Ritual and Respect**: The tea ceremony emphasizes mindfulness and respect, both to the tea itself and the guests participating.

2. **Social Connection**: Serving tea is a way to build relationships and demonstrate hospitality.

3. **Appreciation of Craft**: The process highlights the art of tea making and appreciation for the quality of tea leaves and brewing methods.

4. **Balance and Harmony**: The methodical preparation and enjoyment symbolize finding balance, a key component of many East Asian philosophies.

Through such rituals, tea becomes more than just a beverage; it's a vehicle for conveying cultural values and social cohesion.",Chinese
1306,Beverage,"The image depicts a group of people toasting with bowls, likely containing a traditional Chinese beverage such as baijiu or tea. This ritual, known as a toast or ""ganbei"" (which means ""dry the cup""), is significant in Chinese culture and reflects the importance of camaraderie, respect, and social harmony.

### Elements of Cultural Importance:

1. **Baijiu**: Often used in toasts, baijiu is a potent distilled spirit. Its consumption marks respect and hospitality, often strengthening business and personal relationships.

2. **Tea**: If the bowls contain tea, it signifies more than a drink; it embodies health, harmony, and culture, often used in gatherings to symbolize peace and friendship.

3. **Communal Spirit**: The act of toasting emphasizes unity and equality. Participants demonstrate mutual respect by completing their drinks in a single go or at least acknowledging the toast with appreciation.

4. **Celebration and Bonding**: This ritual is a typical part of celebrations, reinforcing friendships and social bonds. The act of raising bowls collectively reflects a shared moment of joy and connection.

In summary, the image captures a culturally significant moment where the act of drinking serves as a means of reinforcing social ties and cultural traditions.",Chinese
1184,Clothing,"The individuals in the image are wearing school uniforms, which typically consist of blazers, sweaters, ties, and skirts or pants in dark green and navy tartan. This style is common in many educational institutions in the UK and Ireland, reflecting a cultural emphasis on tradition, discipline, and unity. The tartan pattern suggests a connection to Celtic heritage, which is prevalent in Irish and Scottish cultures. School uniforms can symbolize a sense of community and shared identity among students. Accessories like backpacks and casual hairstyles add a modern or personal touch to the otherwise formal attire, indicating a blend of tradition and contemporary attitudes.",Irish
1137,Clothing,"The attire in the image resembles a traditional Japanese school uniform, commonly known as a ""sailor suit"" or ""seifuku."" This style typically includes a blouse with a sailor-style collar and a pleated skirt. These uniforms are a significant part of Japanese culture, often associated with students and popularized in anime and manga. They represent not only school life but also carry cultural connotations of youth and innocence. Additionally, the seifuku has become a fashion trend beyond its original context, symbolizing both nostalgia and a distinctive aspect of Japanese cultural identity.",Japanese
1204,Architecture,"The image depicts the pyramid of Chichen Itza, an iconic symbol of the ancient Maya civilization located in present-day Mexico. Analyzing its architectural features provides insights into the historical and aesthetic values of the Maya culture:

1. **Design and Structure**:
   - The pyramid is built in a stepped form, characteristic of Mesoamerican architecture, specifically the Maya. This design reflects the importance of astronomical alignment and religious rituals, as many structures were built to coordinate with astronomical events, such as equinoxes or solstices.
   - The pyramid's staircase and platform style indicate a hierarchical importance, likely used for ceremonial purposes and as a place of worship or sacrifice.

2. **Materials**:
   - Constructed primarily from limestone, this material choice was both practical and symbolic, as it was abundant in the region and used to create imposing, durable structures.
   - The use of stone carving, as seen in the serpent sculpture, showcases the artistry and craftsmanship of the Maya, who were skilled in intricate detailing and symbolism.

3. **Style**:
   - The serpent motif is a significant element in Maya iconography, often associated with deities such as Kukulkan or Quetzalcoatl, linking the structure to religious beliefs and mythology.
   - The pyramid’s symmetry and precise geometry reflect the Maya's advanced knowledge of mathematics and their aesthetic preference for balance and harmony.

4. **Cultural Values**:
   - The architectural grandeur and the associated art reflect the Maya's emphasis on spirituality, religion, and connection to the cosmos. Structures like pyramids served not just a religious purpose but also reinforced social and political hierarchies.
   - The durability and scale demonstrate the value placed on legacy and continuity, aiming to leave enduring markers of their civilization.

Overall, the pyramid of Chichen Itza serves as a testament to the Maya civilization's architectural innovation, cultural richness, and spiritual focus.",Maya
1360,Greeting,"The image depicts a traditional Japanese bow, a sign of respect, gratitude, or apology. The person is in a seiza position, sitting on their knees, which is common in formal settings. The bow is a deep one, indicating significant respect or apology.

This gesture highlights aspects of Japanese culture such as politeness, humility, and the importance of non-verbal communication. The attire, a kimono, also suggests a formal or traditional setting, further emphasizing the significance of the gesture. Overall, it reflects the Japanese cultural emphasis on respect and harmony in social interactions.",Japanese
1234,Architecture,"The image shows the interior of a Zoroastrian Fire Temple in Yazd, Iran. Here's an analysis of its architectural features and cultural significance:

1. **Design and Layout**:
   - The fire altar is central, indicating the importance of fire in Zoroastrian worship as a symbol of purity and the presence of Ahura Mazda (God).
   - The arrangement suggests an emphasis on simplicity and function, focusing on the central ritual activity.

2. **Materials**:
   - The use of stone and metal is common in fire temples, chosen for their durability and resistance to the elements, reflecting the Zoroastrian value of stability and permanence.
   - These materials are traditional, linking back to historical practices and beliefs.

3. **Style**:
   - The architecture is likely minimalistic, aligning with the aesthetic of ancient Persian religious structures.
   - The absence of excessive ornamentation may highlight the Zoroastrian principles of modesty and devotion.

4. **Cultural and Historical Values**:
   - Zoroastrianism is one of the world's oldest monotheistic religions, and its temples embody a deep respect for tradition and continuity.
   - The presence of the eternal flame symbolizes spiritual enlightenment and truth, core values of the culture.
   - This architectural style shows a blend of religious function and historical continuity, demonstrating the community's dedication to preserving their heritage.

The temple thus serves as both a place of worship and a cultural monument, reflecting the enduring legacy of Zoroastrianism in Iran.",Zoroastrian
1143,Clothing,"The individuals in the image appear to be wearing uniforms that are commonly associated with school settings or organized sports teams. The athletic tracksuits, featuring matching jackets and pants in blue and white with insignias or logos, suggest a focus on team identity and unity. This attire reflects a sense of community and discipline, often emphasized in educational or athletic environments in many cultures.

The choice of tracksuits and athletic shoes indicates engagement in a physical activity, such as a school sports event or exercise routine. This emphasizes values like physical fitness, teamwork, and school spirit. Such uniforms are typical in many East Asian countries, where school uniforms and group activities are integral to the educational experience, promoting a collective identity and equality among students.",Chinese
1500,Garden,"The garden in the image reflects a deep cultural appreciation for harmony, geometry, and the integration of nature and architecture, typical of Moorish garden design. Here are some key observations:

1. **Symmetry and Geometry**: The garden features a long, narrow water channel flanked by manicured hedges and symmetrical flower beds, emphasizing order and balance, which reflects the Islamic influence on garden aesthetics. This symmetrical design represents a microcosm of paradise on earth.

2. **Use of Water**: Water features prominently, providing a cooling effect in the hot climate, a sensory experience with sound and movement, and a symbol of life and purity. The flowing water seen through the fountains and channels was an essential element in Islamic gardens.

3. **Plant Selection**: The garden contains a variety of plants and flowers, suggesting a celebration of natural beauty and abundance. The use of potted plants also indicates a desire to bring nature into human-made environments.

4. **Integration with Architecture**: The garden is closely connected with the surrounding buildings, showing an effort to blend natural and built environments seamlessly, a characteristic feature in Andalusian and Moorish landscaping.

Overall, the elements collectively convey a cultural relationship with nature that prioritizes beauty, order, and a spiritual connection to the natural world, transforming it into an idealized sanctuary.",Moorish
1448,Buddhist,"The image depicts a group of Buddhist monks in yellow robes, which is a common symbol of monastic life in Buddhism. The shaved heads are also characteristic of Buddhist monastic tradition, symbolizing renunciation and simplicity. The monks appear to be engaged in prayer or meditation, which are key practices in Buddhism, emphasizing mindfulness, discipline, and spiritual development.

**Influence on Culture:**

1. **Monastic Tradition:** The presence of monks highlights the importance of monastic communities in preserving and spreading Buddhist teachings. Monasteries often serve as centers of learning and spiritual practice, influencing cultural values such as meditation, moral conduct, and community service.

2. **Symbolism of Colors:** The saffron or yellow robes are significant in Buddhism, symbolizing humility and detachment from material life. This reflects cultural values of simplicity and spiritual focus.

3. **Ritual Practices:** The act of prayer or meditation shown in the image is integral to Buddhist spiritual life, influencing cultural practices around mindfulness and intentional living.

Overall, these elements illustrate how Buddhism shapes cultural attitudes toward spirituality, community, and ethical living.",Buddhist
1339,Greeting,"In the image, individuals are engaging in a gesture reminiscent of the ""namaste"" or ""wai"" greeting, with palms pressed together. This gesture is commonly used in several Asian cultures as a sign of respect and a form of greeting. It conveys humility, acknowledgment, and mutual respect between individuals.

The interaction suggests a cultural emphasis on respect and polite social interaction. Using this form of greeting in an educational setting might indicate an appreciation for multicultural understanding and the incorporation of diverse cultural practices. Such gestures can promote inclusivity and demonstrate the adaptability of certain cultural practices within different contexts.",Thai
1362,Food,"The image shows a stack of round breads, likely from Central Asia, known as ""non"" or ""nan."" These breads are a staple in Central Asian cuisine, particularly in countries like Uzbekistan and Tajikistan. They are often beautifully decorated with intricate patterns, as seen in the photo.

Culinary Significance:
1. **Staple Food**: Bread like this is a fundamental part of the diet and is present at almost every meal. 
2. **Symbolic Meaning**: Often symbolizes hospitality and community. Sharing bread is a common act to welcome guests.

Social and Ceremonial Context:
1. **Community Sharing**: Bread is frequently shared during social gatherings, festivals, and everyday meals.
2. **Rituals and Traditions**: These breads may be part of various ceremonies and traditional processes, such as weddings and religious festivals.

Overall, these breads are more than just food; they carry cultural significance and represent the hospitality and traditions of the region.",Uzbekistani
1459,Beverage,"The image shows a glass of tea served alongside a teapot, which reflects the traditional tea-drinking customs found in many cultures, such as Turkish or Middle Eastern cultures. The tea is served in a glass cup with a spoon, common in regions where tea is a staple of social life and hospitality.

### Cultural Importance:
1. **Social Rituals**: Tea drinking often serves as a social glue, fostering conversations and connections. It's customary to offer tea to guests as a sign of hospitality.

2. **Distinctive Glassware**: The use of small, curved glass cups showcases specific cultural preferences and enhances the experience of drinking tea. The design allows for the appreciation of the tea's color and warmth.

3. **Preparation and Serving**: The presence of a teapot indicates the importance placed on the preparation and serving process. Brewing techniques and the quality of tea can be seen as a point of pride and cultural identity.

Overall, the image captures a moment that is both everyday and ceremonial, highlighting how beverages like tea are intertwined with cultural practices and values.",Turkish
1270,Greeting,"The image shows two people engaged in a cheek kissing gesture, which is a common form of greeting in many cultures, particularly in parts of Europe, Latin America, and the Mediterranean region. This form of greeting usually involves lightly touching cheeks and making a kissing sound, and it can vary in the number of kisses exchanged (often one, two, or three, depending on the culture).

This type of greeting often indicates a culture that values personal relationships and warmth in social interactions. It reflects an emphasis on closeness, openness, and friendliness. Such gestures are typically used among friends, family, and sometimes new acquaintances, signaling a casual and approachable communication style. The formality of the greeting can vary, but in many cases, it signifies respect and acknowledgment of the other person.",Mediterranean
